etf,rank,ticker,weight,rs_1m,rs_3m,rs_avg,vs50dma_pct,dma50,dma50_rising
IGV,1,TEAM,1.05,-0.39483105052280365,117.7006511854842,58.652910067480704,18.598453928446034,165.8115998840332,True
IGV,2,PTC,0.7,35.45326700130269,52.63041017476016,44.041838588031425,33.0117161977669,145.0999998474121,True
IGV,3,MSTR,2.01,13.824343403862915,70.51635773794722,42.170350570905065,30.202566111534914,126.38,True
XLK,1,CRWD,1.52998,25.4342113702529,35.32454043105597,30.379375900654438,23.054253087237896,221.58520050048827,True
XLK,2,AMD,5.080657,34.57749924564717,20.734357117809758,27.655928181728463,25.172599853807732,518.8196008300781,True
XLK,3,MRVL,1.308952,26.980639280559025,19.117333377493416,23.04898632902622,24.66554772856564,230.22399932861327,True
SMH,1,AMD,5.57,34.57749924564717,20.734357117809758,27.655928181728463,25.172599853807732,518.8196008300781,True
SMH,2,MRVL,4.44,26.980639280559025,19.117333377493416,23.04898632902622,24.66554772856564,230.22399932861327,True
SMH,3,SNPS,1.93,26.86108039178083,11.485413138814083,19.173246765297456,22.545371765598567,412.2310015869141,True
QQQ,1,CRWD,1.14,25.4342113702529,35.32454043105597,30.379375900654438,23.054253087237896,221.58520050048827,True
QQQ,2,AMD,4.21,34.57749924564717,20.734357117809758,27.655928181728463,25.172599853807732,518.8196008300781,True
QQQ,3,PLTR,1.78,2.357013503057326,36.17482060370487,19.2659170533811,10.691874067668138,171.1055987548828,True
