ticker,close,ret_1m,ret_3m,dma20,vs20dma_pct,dma20_rising,dma20_slope_pct,dma50,vs50dma_pct,dma50_rising,dma50_slope_pct,rs_1m,rs_3m,status,status_note,score
SPY,774.830017,0.463556,3.8844,764.306808,1.37683,True,0.04873,762.983254,1.55269,True,0.61823,,,,,
SMH,633.900024,14.712279,9.020554,587.490503,7.899621,True,2.856121,571.300801,10.957314,True,1.207616,14.248723,5.136154,Leader,,9.692438
XLK,200.929993,8.170387,12.2695,191.852689,4.731393,True,1.666343,186.635831,7.658852,True,1.937058,7.706831,8.385099,Leader,,8.045965
IGV,109.720001,2.589999,16.562206,105.657,3.845463,True,0.331409,103.419,6.092692,True,3.107615,2.126444,12.677806,Leader,,7.402125
QQQ,756.200012,5.478567,6.70369,729.30762,3.687387,True,1.101784,717.678995,5.367444,True,1.146155,5.015011,2.81929,Leader,,3.91715
XLE,63.450001,-1.226944,16.813968,63.267128,0.289048,False,-0.674626,61.90511,2.495578,True,1.535017,-1.690499,12.929568,Old leader,3M beats benchmark but 1M has turned worse,5.619534
XLV,167.369995,-3.029808,2.171335,167.890083,-0.309779,False,-0.524122,168.126604,-0.450023,True,1.103053,-3.493364,-1.713065,Laggard,,-2.603214
XLC,111.610001,-1.236689,0.862766,112.083329,-0.422301,False,-0.179004,111.306054,0.273073,True,0.373664,-1.700245,-3.021634,Contradictory,RS 1M&3M negative but trend not down (above rising MA),-2.36094
XLF,53.880001,-7.666169,-3.531327,55.263564,-2.503572,False,-1.774728,56.604328,-4.812931,False,-0.668155,-8.129725,-7.415727,Laggard,,-7.772726
XLI,170.100006,-2.293094,-6.482524,169.722726,0.222292,False,-0.682803,176.216347,-3.470927,False,-1.151444,-2.75665,-10.366925,Laggard,,-6.561787
XLP,81.040001,-4.324438,-3.87346,82.193554,-1.403459,False,-1.111037,83.889527,-3.39676,False,-0.523206,-4.787994,-7.75786,Laggard,,-6.272927
XLB,49.5,-5.496391,-3.459912,49.969753,-0.940074,False,-1.659639,51.335241,-3.575012,False,-0.344138,-5.959947,-7.344312,Laggard,,-6.652129
XLY,110.419998,-4.977507,-5.730304,110.891772,-0.425436,False,-1.28548,114.208263,-3.31698,False,-0.708678,-5.441063,-9.614704,Laggard,,-7.527883
VNQ,89.150002,-6.969574,-8.614622,91.956158,-3.051625,False,-1.556701,95.206542,-6.361475,False,-1.599009,-7.43313,-12.499023,Laggard,,-9.966076
XLU,39.970001,-6.428309,-11.895192,40.673843,-1.730453,False,-1.618306,42.307483,-5.524983,False,-2.542428,-6.891864,-15.779592,Laggard,,-11.335728
