,last_close_used
AGG,2026-10-02
BIL,2026-10-02
BKLN,2026-10-02
BTC-USD,2026-10-02
BWET,2026-10-02
CANE,2026-10-02
CORN,2026-10-02
CRAK,2026-10-02
DBA,2026-10-02
DBE,2026-10-02
ETH-USD,2026-10-02
GLD,2026-10-02
IEF,2026-10-02
IEI,2026-10-02
IGV,2026-10-02
LTPZ,2026-10-02
NGSP.L,2026-10-01
QQQ,2026-10-02
SHY,2026-10-02
SLV,2026-10-02
SMH,2026-10-02
SOYB,2026-10-02
SPY,2026-10-02
TLH,2026-10-02
TLT,2026-10-02
USO,2026-10-02
VNQ,2026-10-02
WEAT,2026-10-02
XLB,2026-10-02
XLC,2026-10-02
XLE,2026-10-02
XLF,2026-10-02
XLI,2026-10-02
XLK,2026-10-02
XLP,2026-10-02
XLU,2026-10-02
XLV,2026-10-02
XLY,2026-10-02
