,2026-10-02,2026-09-25,2026-09-18,2026-09-11,2026-09-04,2026-08-28,2026-08-21,2026-08-14,2026-08-07,2026-07-31
AGG,-2.3294517965406714,-2.462477542110608,-1.56088239325195,-1.1462476275911793,-0.09570857782904563,0.21469252190975396,0.35865481869641336,-0.3163424949620963,-0.24447045784342647,-1.147200744397625
BIL,0.3207289713367256,0.2954751272209233,0.2845047618193597,0.2954516234029869,0.30641284975196914,0.2986614032693291,0.3205589966571498,0.29866614905604827,0.3206008429449181,0.3063422720921638
BKLN,0.16846154994327733,0.5597493730917336,0.9915106727190537,0.7963332109568011,1.0911195867255197,1.2423125534908541,1.129109207375878,1.026218284932412,0.8795290779199494,0.6832038939984075
BTC-USD,9.31007762828111,6.336408149465522,16.797912311111386,21.7205594496416,23.979689869997145,20.247072981920766,20.432644032911917,-1.2755865625935336,2.6696612061013925,4.683020503533575
BWET,92.29074889867842,84.38849545671762,102.94124831842639,113.08365449832874,88.49627366706507,61.56816507137084,89.07321921208009,65.35961445119842,44.01293542600815,80.2188199316376
CANE,1.3722114022807874,-0.17808998134093423,-1.6903877602516992,7.764274181109099,11.960787155315655,17.628545144271524,16.045550882178382,12.906616268363358,6.820454696979783,-2.335030324905707
CORN,-6.7754647794668,-1.4977590320763068,5.010663766466483,9.450545281607447,13.969329921695817,12.331083929245533,3.8230517933192543,3.632232458374185,2.260866026947461,4.129786572761351
CRAK,3.097410444458437,8.226563180248569,8.243667529904265,13.150639448321932,17.67209303343393,7.828733349652728,9.49730851538353,10.130597872679958,9.845598461147897,17.657083665206574
DBA,-3.6214600502674665,-0.17488365440256892,-0.49487908259566726,3.9152304116872205,5.1768139281646475,6.2227111364868914,0.2832858511134795,0.6524113960865607,-0.32478617182520875,2.419953848697154
DBE,7.303691754835651,15.236586435682975,13.899965505023658,17.84469478370665,17.09546066535861,4.370353886347944,1.5858506960804375,6.800408059764029,8.278145602417597,21.509143848959944
ETH-USD,11.568054924318982,7.350176243187834,15.984715633489245,33.89526704113604,29.127438644996317,27.389714179920578,33.99826561458992,0.9369218149703151,9.675912183613278,15.624076768549177
GLD,-5.620930582321426,-6.62441924829642,-3.0615655862831326,-1.5188245110438592,4.388322169190673,8.412878003563296,13.95348779900587,10.006581649031276,5.365172388248651,0.2536433960941942
IEF,-3.062309162643151,-3.211151366854237,-2.4135403649437337,-1.7459315155672783,-0.39651844079394705,-0.04425922822691719,0.31087465963832717,-0.38476393075682624,-0.2349405663797821,-1.1485758818414515
IEI,-1.8089468970370004,-2.1639855423725707,-1.8363947256506696,-1.324916909174223,-0.25740603418994423,-0.06061866172381025,0.5423641450073013,0.017607778145412034,0.07742715810812317,-0.4018697049449016
IGV,4.844326266614507,3.5355042173659923,1.4979096898136257,-1.5133926661595076,5.18004588687222,17.35076933341442,18.679683762905054,11.077913789630278,9.384326209774718,1.328482474624515
LTPZ,-6.536218421747653,-5.505150863804764,-2.6691513897242336,-1.1106508391374614,0.6693153851340172,1.0724216009291743,-0.11986416936483613,-1.410775968201905,-1.415838434977179,-3.459367387998913
NGSP.L,-1.1677601914671598,7.558139534883712,3.224850265232071,-3.9931335232030074,5.004514614119637,-1.5282548960563136,-10.529138591122322,-3.410059735189974,-11.2946176307547,-14.572361255245292
QQQ,5.797912352865575,4.766264643835227,0.7499205207626369,-1.2187415548091773,0.6030878274594809,4.810189830281231,3.104225664513849,3.5597984815927797,-0.03456698557217086,-5.12706531746171
SHY,-0.42715507670429975,-0.7279766598475845,-0.7034021668007817,-0.374529764932352,0.1639798626686284,0.16026029155131738,0.5891825962352826,0.30704028617536405,0.31927648958647303,0.19550188569061877
SLV,-7.330282780984709,-5.601559919454702,-0.13330781302274275,-1.5916058576851855,7.108328252762064,12.18691674348349,20.476372582043645,16.05477326965361,6.206133447046169,-2.276971218758006
SMH,14.554570185997129,9.13866819771625,2.1536079044947476,-2.787132554187055,-0.7821745040759831,2.636845480374639,-3.404174738743493,3.32208833962635,-4.118600211628987,-12.882375954159986
SOYB,-1.448231403783018,3.626165657399949,5.810399337269256,8.954042192456457,10.467434518620067,8.022241593652634,0.5749314589996057,0.11839260641222094,-0.19920774362256477,2.610111654568903
SPY,0.8352759719697067,0.937943976708655,-0.7123679108401615,-1.0615023613627539,0.21208678107038637,3.7293218766798253,3.7307917031480287,3.4127294165801514,2.8667918547947924,0.17030314238299926
TLH,-4.403940042254495,-4.132241607614073,-2.154714324044371,-1.2366457127547914,0.15690108291921412,0.6009542570687199,-0.029770758008829112,-1.492400280908035,-1.1339351150661536,-2.994375308162056
TLT,-5.073758235332226,-4.413029089845,-1.7569922167916974,-1.1327623212567084,0.006084860791810698,0.4998245182830985,-0.9492246456246245,-2.1844264542016156,-1.6529933033385014,-3.823663180366943
USO,4.406660637381754,16.474286304131326,17.500575220547844,21.681060630850844,19.424584364240772,1.7414445660883793,-3.4769559914837878,6.119023667749812,8.228603839025016,25.07988996590893
VNQ,-5.746244474888551,-6.927117195558308,-5.780336671043962,-2.5793864662914667,-2.060392604125416,-2.2615401572915084,-0.19252559346657483,-1.2391344453798303,1.3801606913945053,2.199952437241648
WEAT,-11.162959591594623,-5.520562370336157,2.052093348983508,7.758617989710981,11.677911205520775,13.72867199655159,-0.8583664477494701,0.20063899240556626,3.7310222942169347,6.294642283144025
XLB,-7.2996124539595915,-6.783715432788917,-4.8172113373378895,-3.1000428486331,0.5175414259021016,2.982181065170253,6.4625155959106895,3.2422935500982186,5.173106340357414,-1.1564058519141662
XLC,-1.5445732910910448,0.6414083862917863,-0.4581446544232093,2.1129985489903413,0.7645244674336027,6.014256919734007,5.712663200114698,0.26630865303352014,0.6696180266708485,-1.366866084133933
XLE,-2.9287222624625575,-0.034009576649307593,1.1481515190874036,6.734402603905032,10.14442532649662,6.309365856058724,7.174134226074846,8.57593393098166,4.888722165666515,12.762731176949792
XLF,-6.903723271328833,-5.537095016587545,-2.818374311858418,-1.1567675598269989,0.5016389534537202,1.92982147433709,2.9553990586184575,2.4845780958131725,3.709037366701473,3.943044126168682
XLI,-1.3735638285767293,-5.241186475059179,-6.705138016464918,-7.2681366149814135,-5.136388573179396,-0.7007083415168425,-0.9288778858460467,3.530393733528192,2.2472567901255847,-1.9197176078944111
XLK,8.955970373723222,7.470492666874695,3.245477935576613,-0.6300968833512277,1.0521751817356817,5.667788410841945,2.7234545704674096,7.035822377734302,1.4135404455589917,-5.532799500140406
XLP,-5.226669922979809,-4.254448667847632,-4.321697904082211,-1.9981236140125591,-0.6227211000979005,-0.023406203749165577,3.340941225113614,0.32630797043082804,2.3076927337040365,2.1008374696689147
XLU,-5.969369518491341,-8.525597981599864,-6.633355299781785,-3.307479234574695,-0.6915614864678732,-4.321540994687956,-7.4041961060225425,-2.5511289366917045,-3.368052584231973,-0.9381382224762258
XLV,-3.5466970052353886,-1.2600536145703445,-4.149590534662062,-1.8285504562328025,4.256613028727019,4.6722101541928795,8.16402026794638,3.4425138815547873,2.164392134727766,1.8866812279480616
XLY,-3.9854092489970405,-5.42548520334083,-6.374907162751187,-4.181865233893611,-2.7010954910416385,4.288640276136668,8.514156609120738,0.732911604307751,2.5759540325105634,-1.6936241172053612
